{"training":{
    "user_id":32,
    "training_cat_id":"1",
    "training_spec_id":"1",
    "training_name":"Foot Ball",
    "training_address":"Anna Nagar",
    "training_location":null,
    "training_avilability_id":"1",
    "training_type":1,
    "training_price_id":"1"},
        "specific":[{
            "spec_det_id":"1",
            "spec_det_datatype1":"",
            "spec_det_datavalue1":"value 1",
            "spec_det_datatype2":"",
            "spec_det_datavalue2":"value 1",
            "spec_det_datatype3":"",
            "spec_det_datavalue3":"value 1"
        },
    {
            "spec_det_id":"2",
            "spec_det_datatype1":"",
            "spec_det_datavalue1":"value 2",
            "spec_det_datatype2":"",
            "spec_det_datavalue2":"value 2",
            "spec_det_datatype3":"",
            "spec_det_datavalue3":"value 2"
        }],
        "availability":{
            "venue_days":"5",
            "venue_avail_frm":"2019-10-02",
            "venue_avail_to":"2019-10-30",
            "venue_moredetails":"more details",
            "venue_avail_type":"",
            "venue_exclude_days":"",
            "venue_min_count":0,
            "venue_max_count":0
        },
        "hourlyAvailability":[],
        "ameneties":[{
            "venue_amnts_id":"1",
            "venue_amnts_det_datatype1":"",
            "venue_amnts_det_datavalue1":"value1",
            "venue_amnts_det_datatype2":"",
            "venue_amnts_det_datavalue2":"value1",
            "venue_amnts_det_datatype3":"",
            "venue_amnts_det_datavalue3":"value1"
        },{
            "venue_amnts_id":"2",
            "venue_amnts_det_datatype1":"",
            "venue_amnts_det_datavalue1":"value2",
            "venue_amnts_det_datatype2":"",
            "venue_amnts_det_datavalue2":"value2",
            "venue_amnts_det_datatype3":"",
            "venue_amnts_det_datavalue3":"value2"
        }],
        "tagdetails":[{
            "tag_cat_id":1,
            "tag_details":["hello1","hello2"]
        },{
                "tag_cat_id":2,
                 "tag_details":["hello3","hello4"]
        },{
        "tag_cat_id":3,
            "tag_details":["hello5","hello6"]
        }],
        "pricedetails":{
            "venue_price_type":"1",
            "venue_price_amt":"10",
            "venue_price_currency":"INR"
        }
    }